{
    "front_url":"http://localhost:3000",
    "host":{
        "port": 3001,
        "url": "http://localhost:3001"
    },
    "database_connection": {
        "host": "localhost",
        "port": 1433,
        "username": "solid_user",
        "password": "Solid123",
        "database": "Solid"
    },
    "logger":{
        "console_details_level": "debug",
        "file_details_level": "info",
        "log_file": "logs/backend.log",
        "colorize_logs": true
    },
    "static_resources": {
        "images":{
            "prefix": "/resources",
            "path": "C:/StaticResources/Solid/"
        }
    }
}